date,symbol,price,unit,source,frequency
2025-04-23,BRENT,84.5138,USD/bbl,MOCK,daily
2025-04-23,HO,2.6812,USD/gal,MOCK,daily
2025-04-23,JET,2.5494,USD/gal,MOCK,daily
2025-04-23,NG,2.7869,USD/MMBtu,MOCK,daily
2025-04-23,RBOB,2.408,USD/gal,MOCK,daily
2025-04-23,WTI,80.6749,USD/bbl,MOCK,daily
2025-04-24,BRENT,84.8047,USD/bbl,MOCK,daily
2025-04-24,HO,2.6743,USD/gal,MOCK,daily
2025-04-24,JET,2.5264,USD/gal,MOCK,daily
2025-04-24,NG,2.8496,USD/MMBtu,MOCK,daily
2025-04-24,RBOB,2.3891,USD/gal,MOCK,daily
2025-04-24,WTI,80.0613,USD/bbl,MOCK,daily
2025-04-25,BRENT,83.5756,USD/bbl,MOCK,daily
2025-04-25,HO,2.6456,USD/gal,MOCK,daily
2025-04-25,JET,2.5239,USD/gal,MOCK,daily
2025-04-25,NG,2.6776,USD/MMBtu,MOCK,daily
2025-04-25,RBOB,2.4061,USD/gal,MOCK,daily
2025-04-25,WTI,80.9542,USD/bbl,MOCK,daily
2025-04-28,BRENT,81.5383,USD/bbl,MOCK,daily
2025-04-28,HO,2.6611,USD/gal,MOCK,daily
2025-04-28,JET,2.5209,USD/gal,MOCK,daily
2025-04-28,NG,2.6951,USD/MMBtu,MOCK,daily
2025-04-28,RBOB,2.4268,USD/gal,MOCK,daily
2025-04-28,WTI,82.5422,USD/bbl,MOCK,daily
2025-04-29,BRENT,81.628,USD/bbl,MOCK,daily
2025-04-29,HO,2.6579,USD/gal,MOCK,daily
2025-04-29,JET,2.5268,USD/gal,MOCK,daily
2025-04-29,NG,2.6572,USD/MMBtu,MOCK,daily
2025-04-29,RBOB,2.3897,USD/gal,MOCK,daily
2025-04-29,WTI,81.6618,USD/bbl,MOCK,daily
2025-04-30,BRENT,81.2442,USD/bbl,MOCK,daily
2025-04-30,HO,2.6271,USD/gal,MOCK,daily
2025-04-30,JET,2.5186,USD/gal,MOCK,daily
2025-04-30,NG,2.843,USD/MMBtu,MOCK,daily
2025-04-30,RBOB,2.3656,USD/gal,MOCK,daily
2025-04-30,WTI,80.8594,USD/bbl,MOCK,daily
2025-05-01,BRENT,81.6983,USD/bbl,MOCK,daily
2025-05-01,HO,2.6063,USD/gal,MOCK,daily
2025-05-01,JET,2.5288,USD/gal,MOCK,daily
2025-05-01,NG,2.8267,USD/MMBtu,MOCK,daily
2025-05-01,RBOB,2.37,USD/gal,MOCK,daily
2025-05-01,WTI,82.1688,USD/bbl,MOCK,daily
2025-05-02,BRENT,82.3709,USD/bbl,MOCK,daily
2025-05-02,HO,2.6148,USD/gal,MOCK,daily
2025-05-02,JET,2.5488,USD/gal,MOCK,daily
2025-05-02,NG,2.9947,USD/MMBtu,MOCK,daily
2025-05-02,RBOB,2.3656,USD/gal,MOCK,daily
2025-05-02,WTI,82.0281,USD/bbl,MOCK,daily
2025-05-05,BRENT,82.5365,USD/bbl,MOCK,daily
2025-05-05,HO,2.6348,USD/gal,MOCK,daily
2025-05-05,JET,2.5534,USD/gal,MOCK,daily
2025-05-05,NG,2.8855,USD/MMBtu,MOCK,daily
2025-05-05,RBOB,2.3672,USD/gal,MOCK,daily
2025-05-05,WTI,83.4027,USD/bbl,MOCK,daily
2025-05-06,BRENT,83.2619,USD/bbl,MOCK,daily
2025-05-06,HO,2.6803,USD/gal,MOCK,daily
2025-05-06,JET,2.5615,USD/gal,MOCK,daily
2025-05-06,NG,2.9454,USD/MMBtu,MOCK,daily
2025-05-06,RBOB,2.352,USD/gal,MOCK,daily
2025-05-06,WTI,83.024,USD/bbl,MOCK,daily
2025-05-07,BRENT,83.5098,USD/bbl,MOCK,daily
2025-05-07,HO,2.746,USD/gal,MOCK,daily
2025-05-07,JET,2.5643,USD/gal,MOCK,daily
2025-05-07,NG,2.9785,USD/MMBtu,MOCK,daily
2025-05-07,RBOB,2.3715,USD/gal,MOCK,daily
2025-05-07,WTI,84.4478,USD/bbl,MOCK,daily
2025-05-08,BRENT,84.0286,USD/bbl,MOCK,daily
2025-05-08,HO,2.7568,USD/gal,MOCK,daily
2025-05-08,JET,2.5661,USD/gal,MOCK,daily
2025-05-08,NG,2.8928,USD/MMBtu,MOCK,daily
2025-05-08,RBOB,2.3889,USD/gal,MOCK,daily
2025-05-08,WTI,84.615,USD/bbl,MOCK,daily
2025-05-09,BRENT,83.4364,USD/bbl,MOCK,daily
2025-05-09,HO,2.7367,USD/gal,MOCK,daily
2025-05-09,JET,2.5549,USD/gal,MOCK,daily
2025-05-09,NG,2.9117,USD/MMBtu,MOCK,daily
2025-05-09,RBOB,2.3922,USD/gal,MOCK,daily
2025-05-09,WTI,84.9026,USD/bbl,MOCK,daily
2025-05-12,BRENT,83.3165,USD/bbl,MOCK,daily
2025-05-12,HO,2.6914,USD/gal,MOCK,daily
2025-05-12,JET,2.5624,USD/gal,MOCK,daily
2025-05-12,NG,3.0341,USD/MMBtu,MOCK,daily
2025-05-12,RBOB,2.4166,USD/gal,MOCK,daily
2025-05-12,WTI,86.4315,USD/bbl,MOCK,daily
2025-05-13,BRENT,83.5352,USD/bbl,MOCK,daily
2025-05-13,HO,2.6989,USD/gal,MOCK,daily
2025-05-13,JET,2.5624,USD/gal,MOCK,daily
2025-05-13,NG,3.0029,USD/MMBtu,MOCK,daily
2025-05-13,RBOB,2.4279,USD/gal,MOCK,daily
2025-05-13,WTI,86.1311,USD/bbl,MOCK,daily
2025-05-14,BRENT,84.3155,USD/bbl,MOCK,daily
2025-05-14,HO,2.6826,USD/gal,MOCK,daily
2025-05-14,JET,2.6019,USD/gal,MOCK,daily
2025-05-14,NG,2.8349,USD/MMBtu,MOCK,daily
2025-05-14,RBOB,2.4126,USD/gal,MOCK,daily
2025-05-14,WTI,85.2801,USD/bbl,MOCK,daily
2025-05-15,BRENT,84.0033,USD/bbl,MOCK,daily
2025-05-15,HO,2.6751,USD/gal,MOCK,daily
2025-05-15,JET,2.632,USD/gal,MOCK,daily
2025-05-15,NG,2.8343,USD/MMBtu,MOCK,daily
2025-05-15,RBOB,2.422,USD/gal,MOCK,daily
2025-05-15,WTI,84.8966,USD/bbl,MOCK,daily
2025-05-16,BRENT,84.5143,USD/bbl,MOCK,daily
2025-05-16,HO,2.6633,USD/gal,MOCK,daily
2025-05-16,JET,2.6408,USD/gal,MOCK,daily
2025-05-16,NG,2.7452,USD/MMBtu,MOCK,daily
2025-05-16,RBOB,2.4047,USD/gal,MOCK,daily
2025-05-16,WTI,85.3687,USD/bbl,MOCK,daily
2025-05-19,BRENT,84.3173,USD/bbl,MOCK,daily
2025-05-19,HO,2.6618,USD/gal,MOCK,daily
2025-05-19,JET,2.6289,USD/gal,MOCK,daily
2025-05-19,NG,2.7121,USD/MMBtu,MOCK,daily
2025-05-19,RBOB,2.4242,USD/gal,MOCK,daily
2025-05-19,WTI,83.9239,USD/bbl,MOCK,daily
2025-05-20,BRENT,84.2537,USD/bbl,MOCK,daily
2025-05-20,HO,2.6868,USD/gal,MOCK,daily
2025-05-20,JET,2.6107,USD/gal,MOCK,daily
2025-05-20,NG,2.705,USD/MMBtu,MOCK,daily
2025-05-20,RBOB,2.4251,USD/gal,MOCK,daily
2025-05-20,WTI,84.5715,USD/bbl,MOCK,daily
2025-05-21,BRENT,85.0424,USD/bbl,MOCK,daily
2025-05-21,HO,2.6919,USD/gal,MOCK,daily
2025-05-21,JET,2.634,USD/gal,MOCK,daily
2025-05-21,NG,2.5355,USD/MMBtu,MOCK,daily
2025-05-21,RBOB,2.4234,USD/gal,MOCK,daily
2025-05-21,WTI,84.102,USD/bbl,MOCK,daily
2025-05-22,BRENT,83.2911,USD/bbl,MOCK,daily
2025-05-22,HO,2.69,USD/gal,MOCK,daily
2025-05-22,JET,2.6406,USD/gal,MOCK,daily
2025-05-22,NG,2.3749,USD/MMBtu,MOCK,daily
2025-05-22,RBOB,2.4117,USD/gal,MOCK,daily
2025-05-22,WTI,85.2344,USD/bbl,MOCK,daily
2025-05-23,BRENT,82.166,USD/bbl,MOCK,daily
2025-05-23,HO,2.6688,USD/gal,MOCK,daily
2025-05-23,JET,2.6511,USD/gal,MOCK,daily
2025-05-23,NG,2.4241,USD/MMBtu,MOCK,daily
2025-05-23,RBOB,2.4381,USD/gal,MOCK,daily
2025-05-23,WTI,83.0025,USD/bbl,MOCK,daily
2025-05-26,BRENT,80.8731,USD/bbl,MOCK,daily
2025-05-26,HO,2.6336,USD/gal,MOCK,daily
2025-05-26,JET,2.6215,USD/gal,MOCK,daily
2025-05-26,NG,2.3728,USD/MMBtu,MOCK,daily
2025-05-26,RBOB,2.437,USD/gal,MOCK,daily
2025-05-26,WTI,82.2968,USD/bbl,MOCK,daily
2025-05-27,BRENT,78.8133,USD/bbl,MOCK,daily
2025-05-27,HO,2.6245,USD/gal,MOCK,daily
2025-05-27,JET,2.6401,USD/gal,MOCK,daily
2025-05-27,NG,2.1173,USD/MMBtu,MOCK,daily
2025-05-27,RBOB,2.4303,USD/gal,MOCK,daily
2025-05-27,WTI,80.7358,USD/bbl,MOCK,daily
2025-05-28,BRENT,78.2422,USD/bbl,MOCK,daily
2025-05-28,HO,2.6249,USD/gal,MOCK,daily
2025-05-28,JET,2.6501,USD/gal,MOCK,daily
2025-05-28,NG,2.1966,USD/MMBtu,MOCK,daily
2025-05-28,RBOB,2.4252,USD/gal,MOCK,daily
2025-05-28,WTI,79.9912,USD/bbl,MOCK,daily
2025-05-29,BRENT,78.9558,USD/bbl,MOCK,daily
2025-05-29,HO,2.6653,USD/gal,MOCK,daily
2025-05-29,JET,2.632,USD/gal,MOCK,daily
2025-05-29,NG,2.2247,USD/MMBtu,MOCK,daily
2025-05-29,RBOB,2.4378,USD/gal,MOCK,daily
2025-05-29,WTI,80.2665,USD/bbl,MOCK,daily
2025-05-30,BRENT,78.7389,USD/bbl,MOCK,daily
2025-05-30,HO,2.6698,USD/gal,MOCK,daily
2025-05-30,JET,2.6253,USD/gal,MOCK,daily
2025-05-30,NG,2.1542,USD/MMBtu,MOCK,daily
2025-05-30,RBOB,2.4471,USD/gal,MOCK,daily
2025-05-30,WTI,80.1364,USD/bbl,MOCK,daily
2025-06-02,BRENT,78.9563,USD/bbl,MOCK,daily
2025-06-02,HO,2.693,USD/gal,MOCK,daily
2025-06-02,JET,2.6319,USD/gal,MOCK,daily
2025-06-02,NG,2.0234,USD/MMBtu,MOCK,daily
2025-06-02,RBOB,2.4573,USD/gal,MOCK,daily
2025-06-02,WTI,79.9357,USD/bbl,MOCK,daily
2025-06-03,BRENT,79.9761,USD/bbl,MOCK,daily
2025-06-03,HO,2.6836,USD/gal,MOCK,daily
2025-06-03,JET,2.6347,USD/gal,MOCK,daily
2025-06-03,NG,2.1078,USD/MMBtu,MOCK,daily
2025-06-03,RBOB,2.4679,USD/gal,MOCK,daily
2025-06-03,WTI,79.8245,USD/bbl,MOCK,daily
2025-06-04,BRENT,81.211,USD/bbl,MOCK,daily
2025-06-04,HO,2.6592,USD/gal,MOCK,daily
2025-06-04,JET,2.6313,USD/gal,MOCK,daily
2025-06-04,NG,2.1436,USD/MMBtu,MOCK,daily
2025-06-04,RBOB,2.5127,USD/gal,MOCK,daily
2025-06-04,WTI,80.0576,USD/bbl,MOCK,daily
2025-06-05,BRENT,81.1894,USD/bbl,MOCK,daily
2025-06-05,HO,2.6395,USD/gal,MOCK,daily
2025-06-05,JET,2.6312,USD/gal,MOCK,daily
2025-06-05,NG,2.3827,USD/MMBtu,MOCK,daily
2025-06-05,RBOB,2.5066,USD/gal,MOCK,daily
2025-06-05,WTI,79.1395,USD/bbl,MOCK,daily
2025-06-06,BRENT,82.4482,USD/bbl,MOCK,daily
2025-06-06,HO,2.6252,USD/gal,MOCK,daily
2025-06-06,JET,2.6286,USD/gal,MOCK,daily
2025-06-06,NG,2.4257,USD/MMBtu,MOCK,daily
2025-06-06,RBOB,2.4983,USD/gal,MOCK,daily
2025-06-06,WTI,79.8506,USD/bbl,MOCK,daily
2025-06-09,BRENT,82.5723,USD/bbl,MOCK,daily
2025-06-09,HO,2.6736,USD/gal,MOCK,daily
2025-06-09,JET,2.6331,USD/gal,MOCK,daily
2025-06-09,NG,2.4654,USD/MMBtu,MOCK,daily
2025-06-09,RBOB,2.484,USD/gal,MOCK,daily
2025-06-09,WTI,80.5201,USD/bbl,MOCK,daily
2025-06-10,BRENT,81.8599,USD/bbl,MOCK,daily
2025-06-10,HO,2.6571,USD/gal,MOCK,daily
2025-06-10,JET,2.6615,USD/gal,MOCK,daily
2025-06-10,NG,2.4497,USD/MMBtu,MOCK,daily
2025-06-10,RBOB,2.4984,USD/gal,MOCK,daily
2025-06-10,WTI,80.9261,USD/bbl,MOCK,daily
2025-06-11,BRENT,81.3659,USD/bbl,MOCK,daily
2025-06-11,HO,2.6772,USD/gal,MOCK,daily
2025-06-11,JET,2.6171,USD/gal,MOCK,daily
2025-06-11,NG,2.5324,USD/MMBtu,MOCK,daily
2025-06-11,RBOB,2.5229,USD/gal,MOCK,daily
2025-06-11,WTI,81.4953,USD/bbl,MOCK,daily
2025-06-12,BRENT,80.0741,USD/bbl,MOCK,daily
2025-06-12,HO,2.6589,USD/gal,MOCK,daily
2025-06-12,JET,2.6147,USD/gal,MOCK,daily
2025-06-12,NG,2.5959,USD/MMBtu,MOCK,daily
2025-06-12,RBOB,2.5227,USD/gal,MOCK,daily
2025-06-12,WTI,81.8176,USD/bbl,MOCK,daily
2025-06-13,BRENT,79.3148,USD/bbl,MOCK,daily
2025-06-13,HO,2.681,USD/gal,MOCK,daily
2025-06-13,JET,2.6197,USD/gal,MOCK,daily
2025-06-13,NG,2.7221,USD/MMBtu,MOCK,daily
2025-06-13,RBOB,2.5079,USD/gal,MOCK,daily
2025-06-13,WTI,83.7918,USD/bbl,MOCK,daily
2025-06-16,BRENT,79.0323,USD/bbl,MOCK,daily
2025-06-16,HO,2.6911,USD/gal,MOCK,daily
2025-06-16,JET,2.6269,USD/gal,MOCK,daily
2025-06-16,NG,2.671,USD/MMBtu,MOCK,daily
2025-06-16,RBOB,2.4934,USD/gal,MOCK,daily
2025-06-16,WTI,83.751,USD/bbl,MOCK,daily
2025-06-17,BRENT,79.795,USD/bbl,MOCK,daily
2025-06-17,HO,2.6892,USD/gal,MOCK,daily
2025-06-17,JET,2.622,USD/gal,MOCK,daily
2025-06-17,NG,2.6286,USD/MMBtu,MOCK,daily
2025-06-17,RBOB,2.5084,USD/gal,MOCK,daily
2025-06-17,WTI,83.5011,USD/bbl,MOCK,daily
2025-06-18,BRENT,81.3836,USD/bbl,MOCK,daily
2025-06-18,HO,2.6899,USD/gal,MOCK,daily
2025-06-18,JET,2.5922,USD/gal,MOCK,daily
2025-06-18,NG,2.5817,USD/MMBtu,MOCK,daily
2025-06-18,RBOB,2.5253,USD/gal,MOCK,daily
2025-06-18,WTI,82.827,USD/bbl,MOCK,daily
2025-06-19,BRENT,80.1803,USD/bbl,MOCK,daily
2025-06-19,HO,2.6772,USD/gal,MOCK,daily
2025-06-19,JET,2.5999,USD/gal,MOCK,daily
2025-06-19,NG,2.6618,USD/MMBtu,MOCK,daily
2025-06-19,RBOB,2.5382,USD/gal,MOCK,daily
2025-06-19,WTI,81.8878,USD/bbl,MOCK,daily
2025-06-20,BRENT,80.574,USD/bbl,MOCK,daily
2025-06-20,HO,2.6886,USD/gal,MOCK,daily
2025-06-20,JET,2.6329,USD/gal,MOCK,daily
2025-06-20,NG,2.8127,USD/MMBtu,MOCK,daily
2025-06-20,RBOB,2.5269,USD/gal,MOCK,daily
2025-06-20,WTI,80.7465,USD/bbl,MOCK,daily
2025-06-23,BRENT,79.6778,USD/bbl,MOCK,daily
2025-06-23,HO,2.6802,USD/gal,MOCK,daily
2025-06-23,JET,2.6071,USD/gal,MOCK,daily
2025-06-23,NG,2.768,USD/MMBtu,MOCK,daily
2025-06-23,RBOB,2.5336,USD/gal,MOCK,daily
2025-06-23,WTI,79.9425,USD/bbl,MOCK,daily
2025-06-24,BRENT,80.1448,USD/bbl,MOCK,daily
2025-06-24,HO,2.6548,USD/gal,MOCK,daily
2025-06-24,JET,2.6245,USD/gal,MOCK,daily
2025-06-24,NG,2.7266,USD/MMBtu,MOCK,daily
2025-06-24,RBOB,2.5379,USD/gal,MOCK,daily
2025-06-24,WTI,79.9153,USD/bbl,MOCK,daily
2025-06-25,BRENT,80.0669,USD/bbl,MOCK,daily
2025-06-25,HO,2.6283,USD/gal,MOCK,daily
2025-06-25,JET,2.6204,USD/gal,MOCK,daily
2025-06-25,NG,2.7591,USD/MMBtu,MOCK,daily
2025-06-25,RBOB,2.5443,USD/gal,MOCK,daily
2025-06-25,WTI,80.2729,USD/bbl,MOCK,daily
2025-06-26,BRENT,78.4591,USD/bbl,MOCK,daily
2025-06-26,HO,2.6337,USD/gal,MOCK,daily
2025-06-26,JET,2.6211,USD/gal,MOCK,daily
2025-06-26,NG,2.7356,USD/MMBtu,MOCK,daily
2025-06-26,RBOB,2.5638,USD/gal,MOCK,daily
2025-06-26,WTI,80.3616,USD/bbl,MOCK,daily
2025-06-27,BRENT,79.3338,USD/bbl,MOCK,daily
2025-06-27,HO,2.67,USD/gal,MOCK,daily
2025-06-27,JET,2.604,USD/gal,MOCK,daily
2025-06-27,NG,2.8319,USD/MMBtu,MOCK,daily
2025-06-27,RBOB,2.5703,USD/gal,MOCK,daily
2025-06-27,WTI,79.6745,USD/bbl,MOCK,daily
2025-06-30,BRENT,78.829,USD/bbl,MOCK,daily
2025-06-30,HO,2.6751,USD/gal,MOCK,daily
2025-06-30,JET,2.5998,USD/gal,MOCK,daily
2025-06-30,NG,2.6079,USD/MMBtu,MOCK,daily
2025-06-30,RBOB,2.5859,USD/gal,MOCK,daily
2025-06-30,WTI,80.5695,USD/bbl,MOCK,daily
2025-07-01,BRENT,78.3879,USD/bbl,MOCK,daily
2025-07-01,HO,2.6741,USD/gal,MOCK,daily
2025-07-01,JET,2.625,USD/gal,MOCK,daily
2025-07-01,NG,2.5262,USD/MMBtu,MOCK,daily
2025-07-01,RBOB,2.5894,USD/gal,MOCK,daily
2025-07-01,WTI,81.3123,USD/bbl,MOCK,daily
2025-07-02,BRENT,77.4643,USD/bbl,MOCK,daily
2025-07-02,HO,2.682,USD/gal,MOCK,daily
2025-07-02,JET,2.6374,USD/gal,MOCK,daily
2025-07-02,NG,2.449,USD/MMBtu,MOCK,daily
2025-07-02,RBOB,2.5972,USD/gal,MOCK,daily
2025-07-02,WTI,81.2013,USD/bbl,MOCK,daily
2025-07-03,BRENT,76.9142,USD/bbl,MOCK,daily
2025-07-03,HO,2.7123,USD/gal,MOCK,daily
2025-07-03,JET,2.6704,USD/gal,MOCK,daily
2025-07-03,NG,2.218,USD/MMBtu,MOCK,daily
2025-07-03,RBOB,2.6119,USD/gal,MOCK,daily
2025-07-03,WTI,80.6216,USD/bbl,MOCK,daily
2025-07-04,BRENT,77.3378,USD/bbl,MOCK,daily
2025-07-04,HO,2.7188,USD/gal,MOCK,daily
2025-07-04,JET,2.6934,USD/gal,MOCK,daily
2025-07-04,NG,2.1225,USD/MMBtu,MOCK,daily
2025-07-04,RBOB,2.5849,USD/gal,MOCK,daily
2025-07-04,WTI,81.1829,USD/bbl,MOCK,daily
2025-07-07,BRENT,77.2061,USD/bbl,MOCK,daily
2025-07-07,HO,2.7114,USD/gal,MOCK,daily
2025-07-07,JET,2.7032,USD/gal,MOCK,daily
2025-07-07,NG,2.0318,USD/MMBtu,MOCK,daily
2025-07-07,RBOB,2.5805,USD/gal,MOCK,daily
2025-07-07,WTI,81.4021,USD/bbl,MOCK,daily
2025-07-08,BRENT,77.5405,USD/bbl,MOCK,daily
2025-07-08,HO,2.7374,USD/gal,MOCK,daily
2025-07-08,JET,2.7365,USD/gal,MOCK,daily
2025-07-08,NG,2.0125,USD/MMBtu,MOCK,daily
2025-07-08,RBOB,2.5732,USD/gal,MOCK,daily
2025-07-08,WTI,80.0671,USD/bbl,MOCK,daily
2025-07-09,BRENT,77.905,USD/bbl,MOCK,daily
2025-07-09,HO,2.7484,USD/gal,MOCK,daily
2025-07-09,JET,2.7463,USD/gal,MOCK,daily
2025-07-09,NG,2.1246,USD/MMBtu,MOCK,daily
2025-07-09,RBOB,2.5625,USD/gal,MOCK,daily
2025-07-09,WTI,80.0425,USD/bbl,MOCK,daily
2025-07-10,BRENT,79.1326,USD/bbl,MOCK,daily
2025-07-10,HO,2.7839,USD/gal,MOCK,daily
2025-07-10,JET,2.7632,USD/gal,MOCK,daily
2025-07-10,NG,2.101,USD/MMBtu,MOCK,daily
2025-07-10,RBOB,2.559,USD/gal,MOCK,daily
2025-07-10,WTI,80.3315,USD/bbl,MOCK,daily
2025-07-11,BRENT,78.8636,USD/bbl,MOCK,daily
2025-07-11,HO,2.7896,USD/gal,MOCK,daily
2025-07-11,JET,2.7598,USD/gal,MOCK,daily
2025-07-11,NG,1.9987,USD/MMBtu,MOCK,daily
2025-07-11,RBOB,2.591,USD/gal,MOCK,daily
2025-07-11,WTI,79.5169,USD/bbl,MOCK,daily
2025-07-14,BRENT,77.5739,USD/bbl,MOCK,daily
2025-07-14,HO,2.7643,USD/gal,MOCK,daily
2025-07-14,JET,2.7629,USD/gal,MOCK,daily
2025-07-14,NG,1.9938,USD/MMBtu,MOCK,daily
2025-07-14,RBOB,2.5757,USD/gal,MOCK,daily
2025-07-14,WTI,79.737,USD/bbl,MOCK,daily
2025-07-15,BRENT,78.5732,USD/bbl,MOCK,daily
2025-07-15,HO,2.7359,USD/gal,MOCK,daily
2025-07-15,JET,2.7523,USD/gal,MOCK,daily
2025-07-15,NG,2.0995,USD/MMBtu,MOCK,daily
2025-07-15,RBOB,2.5971,USD/gal,MOCK,daily
2025-07-15,WTI,78.3948,USD/bbl,MOCK,daily
2025-07-16,BRENT,78.3141,USD/bbl,MOCK,daily
2025-07-16,HO,2.7738,USD/gal,MOCK,daily
2025-07-16,JET,2.772,USD/gal,MOCK,daily
2025-07-16,NG,2.0028,USD/MMBtu,MOCK,daily
2025-07-16,RBOB,2.5656,USD/gal,MOCK,daily
2025-07-16,WTI,79.7034,USD/bbl,MOCK,daily
2025-07-17,BRENT,79.3564,USD/bbl,MOCK,daily
2025-07-17,HO,2.8134,USD/gal,MOCK,daily
2025-07-17,JET,2.7527,USD/gal,MOCK,daily
2025-07-17,NG,1.9125,USD/MMBtu,MOCK,daily
2025-07-17,RBOB,2.5609,USD/gal,MOCK,daily
2025-07-17,WTI,80.9288,USD/bbl,MOCK,daily
2025-07-18,BRENT,79.7411,USD/bbl,MOCK,daily
2025-07-18,HO,2.8111,USD/gal,MOCK,daily
2025-07-18,JET,2.7687,USD/gal,MOCK,daily
2025-07-18,NG,1.9692,USD/MMBtu,MOCK,daily
2025-07-18,RBOB,2.5662,USD/gal,MOCK,daily
2025-07-18,WTI,80.7294,USD/bbl,MOCK,daily
2025-07-21,BRENT,79.663,USD/bbl,MOCK,daily
2025-07-21,HO,2.8044,USD/gal,MOCK,daily
2025-07-21,JET,2.7672,USD/gal,MOCK,daily
2025-07-21,NG,1.9478,USD/MMBtu,MOCK,daily
2025-07-21,RBOB,2.58,USD/gal,MOCK,daily
2025-07-21,WTI,81.115,USD/bbl,MOCK,daily
2025-07-22,BRENT,80.0167,USD/bbl,MOCK,daily
2025-07-22,HO,2.8382,USD/gal,MOCK,daily
2025-07-22,JET,2.7903,USD/gal,MOCK,daily
2025-07-22,NG,2.0133,USD/MMBtu,MOCK,daily
2025-07-22,RBOB,2.5963,USD/gal,MOCK,daily
2025-07-22,WTI,78.8661,USD/bbl,MOCK,daily
2025-07-23,BRENT,81.8126,USD/bbl,MOCK,daily
2025-07-23,HO,2.8156,USD/gal,MOCK,daily
2025-07-23,JET,2.8057,USD/gal,MOCK,daily
2025-07-23,NG,2.0128,USD/MMBtu,MOCK,daily
2025-07-23,RBOB,2.6142,USD/gal,MOCK,daily
2025-07-23,WTI,77.807,USD/bbl,MOCK,daily
2025-07-24,BRENT,83.7228,USD/bbl,MOCK,daily
2025-07-24,HO,2.7976,USD/gal,MOCK,daily
2025-07-24,JET,2.8405,USD/gal,MOCK,daily
2025-07-24,NG,2.0837,USD/MMBtu,MOCK,daily
2025-07-24,RBOB,2.6094,USD/gal,MOCK,daily
2025-07-24,WTI,77.5669,USD/bbl,MOCK,daily
2025-07-25,BRENT,83.8271,USD/bbl,MOCK,daily
2025-07-25,HO,2.8134,USD/gal,MOCK,daily
2025-07-25,JET,2.8556,USD/gal,MOCK,daily
2025-07-25,NG,1.9811,USD/MMBtu,MOCK,daily
2025-07-25,RBOB,2.6022,USD/gal,MOCK,daily
2025-07-25,WTI,76.5871,USD/bbl,MOCK,daily
2025-07-28,BRENT,84.0132,USD/bbl,MOCK,daily
2025-07-28,HO,2.8064,USD/gal,MOCK,daily
2025-07-28,JET,2.8293,USD/gal,MOCK,daily
2025-07-28,NG,1.9806,USD/MMBtu,MOCK,daily
2025-07-28,RBOB,2.6214,USD/gal,MOCK,daily
2025-07-28,WTI,77.3041,USD/bbl,MOCK,daily
2025-07-29,BRENT,85.0238,USD/bbl,MOCK,daily
2025-07-29,HO,2.808,USD/gal,MOCK,daily
2025-07-29,JET,2.8301,USD/gal,MOCK,daily
2025-07-29,NG,1.9604,USD/MMBtu,MOCK,daily
2025-07-29,RBOB,2.6197,USD/gal,MOCK,daily
2025-07-29,WTI,79.2402,USD/bbl,MOCK,daily
2025-07-30,BRENT,84.3052,USD/bbl,MOCK,daily
2025-07-30,HO,2.8061,USD/gal,MOCK,daily
2025-07-30,JET,2.811,USD/gal,MOCK,daily
2025-07-30,NG,1.8396,USD/MMBtu,MOCK,daily
2025-07-30,RBOB,2.5963,USD/gal,MOCK,daily
2025-07-30,WTI,78.162,USD/bbl,MOCK,daily
2025-07-31,BRENT,84.6472,USD/bbl,MOCK,daily
2025-07-31,HO,2.8152,USD/gal,MOCK,daily
2025-07-31,JET,2.8036,USD/gal,MOCK,daily
2025-07-31,NG,1.6839,USD/MMBtu,MOCK,daily
2025-07-31,RBOB,2.5757,USD/gal,MOCK,daily
2025-07-31,WTI,77.4055,USD/bbl,MOCK,daily
2025-08-01,BRENT,84.6662,USD/bbl,MOCK,daily
2025-08-01,HO,2.8479,USD/gal,MOCK,daily
2025-08-01,JET,2.8328,USD/gal,MOCK,daily
2025-08-01,NG,1.7532,USD/MMBtu,MOCK,daily
2025-08-01,RBOB,2.5594,USD/gal,MOCK,daily
2025-08-01,WTI,77.6679,USD/bbl,MOCK,daily
2025-08-04,BRENT,84.9911,USD/bbl,MOCK,daily
2025-08-04,HO,2.8516,USD/gal,MOCK,daily
2025-08-04,JET,2.8462,USD/gal,MOCK,daily
2025-08-04,NG,1.7188,USD/MMBtu,MOCK,daily
2025-08-04,RBOB,2.5714,USD/gal,MOCK,daily
2025-08-04,WTI,79.2373,USD/bbl,MOCK,daily
2025-08-05,BRENT,84.2835,USD/bbl,MOCK,daily
2025-08-05,HO,2.8674,USD/gal,MOCK,daily
2025-08-05,JET,2.8357,USD/gal,MOCK,daily
2025-08-05,NG,1.6173,USD/MMBtu,MOCK,daily
2025-08-05,RBOB,2.5763,USD/gal,MOCK,daily
2025-08-05,WTI,78.1156,USD/bbl,MOCK,daily
2025-08-06,BRENT,82.895,USD/bbl,MOCK,daily
2025-08-06,HO,2.8241,USD/gal,MOCK,daily
2025-08-06,JET,2.8194,USD/gal,MOCK,daily
2025-08-06,NG,1.6083,USD/MMBtu,MOCK,daily
2025-08-06,RBOB,2.5921,USD/gal,MOCK,daily
2025-08-06,WTI,78.3913,USD/bbl,MOCK,daily
2025-08-07,BRENT,81.0708,USD/bbl,MOCK,daily
2025-08-07,HO,2.8247,USD/gal,MOCK,daily
2025-08-07,JET,2.822,USD/gal,MOCK,daily
2025-08-07,NG,1.7217,USD/MMBtu,MOCK,daily
2025-08-07,RBOB,2.5857,USD/gal,MOCK,daily
2025-08-07,WTI,80.1607,USD/bbl,MOCK,daily
2025-08-08,BRENT,80.1057,USD/bbl,MOCK,daily
2025-08-08,HO,2.8078,USD/gal,MOCK,daily
2025-08-08,JET,2.802,USD/gal,MOCK,daily
2025-08-08,NG,1.4943,USD/MMBtu,MOCK,daily
2025-08-08,RBOB,2.5909,USD/gal,MOCK,daily
2025-08-08,WTI,78.6316,USD/bbl,MOCK,daily
2025-08-11,BRENT,79.7329,USD/bbl,MOCK,daily
2025-08-11,HO,2.7827,USD/gal,MOCK,daily
2025-08-11,JET,2.7919,USD/gal,MOCK,daily
2025-08-11,NG,1.3453,USD/MMBtu,MOCK,daily
2025-08-11,RBOB,2.6055,USD/gal,MOCK,daily
2025-08-11,WTI,77.4539,USD/bbl,MOCK,daily
2025-08-12,BRENT,79.5089,USD/bbl,MOCK,daily
2025-08-12,HO,2.765,USD/gal,MOCK,daily
2025-08-12,JET,2.7995,USD/gal,MOCK,daily
2025-08-12,NG,1.2535,USD/MMBtu,MOCK,daily
2025-08-12,RBOB,2.6014,USD/gal,MOCK,daily
2025-08-12,WTI,77.0902,USD/bbl,MOCK,daily
2025-08-13,BRENT,81.2922,USD/bbl,MOCK,daily
2025-08-13,HO,2.7593,USD/gal,MOCK,daily
2025-08-13,JET,2.8222,USD/gal,MOCK,daily
2025-08-13,NG,1.4001,USD/MMBtu,MOCK,daily
2025-08-13,RBOB,2.6126,USD/gal,MOCK,daily
2025-08-13,WTI,76.6342,USD/bbl,MOCK,daily
2025-08-14,BRENT,82.3282,USD/bbl,MOCK,daily
2025-08-14,HO,2.7812,USD/gal,MOCK,daily
2025-08-14,JET,2.8352,USD/gal,MOCK,daily
2025-08-14,NG,1.429,USD/MMBtu,MOCK,daily
2025-08-14,RBOB,2.6015,USD/gal,MOCK,daily
2025-08-14,WTI,77.4445,USD/bbl,MOCK,daily
2025-08-15,BRENT,81.5035,USD/bbl,MOCK,daily
2025-08-15,HO,2.7536,USD/gal,MOCK,daily
2025-08-15,JET,2.7959,USD/gal,MOCK,daily
2025-08-15,NG,1.5063,USD/MMBtu,MOCK,daily
2025-08-15,RBOB,2.5963,USD/gal,MOCK,daily
2025-08-15,WTI,77.7128,USD/bbl,MOCK,daily
2025-08-18,BRENT,81.8572,USD/bbl,MOCK,daily
2025-08-18,HO,2.756,USD/gal,MOCK,daily
2025-08-18,JET,2.8033,USD/gal,MOCK,daily
2025-08-18,NG,1.3929,USD/MMBtu,MOCK,daily
2025-08-18,RBOB,2.5907,USD/gal,MOCK,daily
2025-08-18,WTI,76.0654,USD/bbl,MOCK,daily
2025-08-19,BRENT,81.5318,USD/bbl,MOCK,daily
2025-08-19,HO,2.747,USD/gal,MOCK,daily
2025-08-19,JET,2.8066,USD/gal,MOCK,daily
2025-08-19,NG,1.2815,USD/MMBtu,MOCK,daily
2025-08-19,RBOB,2.5689,USD/gal,MOCK,daily
2025-08-19,WTI,76.5931,USD/bbl,MOCK,daily
2025-08-20,BRENT,81.3166,USD/bbl,MOCK,daily
2025-08-20,HO,2.7414,USD/gal,MOCK,daily
2025-08-20,JET,2.816,USD/gal,MOCK,daily
2025-08-20,NG,1.3268,USD/MMBtu,MOCK,daily
2025-08-20,RBOB,2.5807,USD/gal,MOCK,daily
2025-08-20,WTI,76.0827,USD/bbl,MOCK,daily
2025-08-21,BRENT,81.5241,USD/bbl,MOCK,daily
2025-08-21,HO,2.7651,USD/gal,MOCK,daily
2025-08-21,JET,2.8471,USD/gal,MOCK,daily
2025-08-21,NG,1.3331,USD/MMBtu,MOCK,daily
2025-08-21,RBOB,2.5733,USD/gal,MOCK,daily
2025-08-21,WTI,77.3315,USD/bbl,MOCK,daily
2025-08-22,BRENT,82.1221,USD/bbl,MOCK,daily
2025-08-22,HO,2.7786,USD/gal,MOCK,daily
2025-08-22,JET,2.8119,USD/gal,MOCK,daily
2025-08-22,NG,1.3885,USD/MMBtu,MOCK,daily
2025-08-22,RBOB,2.5757,USD/gal,MOCK,daily
2025-08-22,WTI,76.774,USD/bbl,MOCK,daily
2025-08-25,BRENT,81.8578,USD/bbl,MOCK,daily
2025-08-25,HO,2.8097,USD/gal,MOCK,daily
2025-08-25,JET,2.8033,USD/gal,MOCK,daily
2025-08-25,NG,1.3703,USD/MMBtu,MOCK,daily
2025-08-25,RBOB,2.5873,USD/gal,MOCK,daily
2025-08-25,WTI,76.2076,USD/bbl,MOCK,daily
2025-08-26,BRENT,82.8562,USD/bbl,MOCK,daily
2025-08-26,HO,2.808,USD/gal,MOCK,daily
2025-08-26,JET,2.8159,USD/gal,MOCK,daily
2025-08-26,NG,1.3987,USD/MMBtu,MOCK,daily
2025-08-26,RBOB,2.5983,USD/gal,MOCK,daily
2025-08-26,WTI,76.7597,USD/bbl,MOCK,daily
2025-08-27,BRENT,81.8699,USD/bbl,MOCK,daily
2025-08-27,HO,2.7944,USD/gal,MOCK,daily
2025-08-27,JET,2.7894,USD/gal,MOCK,daily
2025-08-27,NG,1.415,USD/MMBtu,MOCK,daily
2025-08-27,RBOB,2.6137,USD/gal,MOCK,daily
2025-08-27,WTI,77.5229,USD/bbl,MOCK,daily
2025-08-28,BRENT,81.9165,USD/bbl,MOCK,daily
2025-08-28,HO,2.7911,USD/gal,MOCK,daily
2025-08-28,JET,2.8179,USD/gal,MOCK,daily
2025-08-28,NG,1.4934,USD/MMBtu,MOCK,daily
2025-08-28,RBOB,2.6138,USD/gal,MOCK,daily
2025-08-28,WTI,77.9874,USD/bbl,MOCK,daily
2025-08-29,BRENT,84.2954,USD/bbl,MOCK,daily
2025-08-29,HO,2.7981,USD/gal,MOCK,daily
2025-08-29,JET,2.8265,USD/gal,MOCK,daily
2025-08-29,NG,1.5747,USD/MMBtu,MOCK,daily
2025-08-29,RBOB,2.6075,USD/gal,MOCK,daily
2025-08-29,WTI,76.425,USD/bbl,MOCK,daily
2025-09-01,BRENT,84.5383,USD/bbl,MOCK,daily
2025-09-01,HO,2.8037,USD/gal,MOCK,daily
2025-09-01,JET,2.8437,USD/gal,MOCK,daily
2025-09-01,NG,1.4133,USD/MMBtu,MOCK,daily
2025-09-01,RBOB,2.608,USD/gal,MOCK,daily
2025-09-01,WTI,76.9744,USD/bbl,MOCK,daily
2025-09-02,BRENT,85.8705,USD/bbl,MOCK,daily
2025-09-02,HO,2.7815,USD/gal,MOCK,daily
2025-09-02,JET,2.8354,USD/gal,MOCK,daily
2025-09-02,NG,1.1892,USD/MMBtu,MOCK,daily
2025-09-02,RBOB,2.5763,USD/gal,MOCK,daily
2025-09-02,WTI,76.0303,USD/bbl,MOCK,daily
2025-09-03,BRENT,85.9958,USD/bbl,MOCK,daily
2025-09-03,HO,2.7852,USD/gal,MOCK,daily
2025-09-03,JET,2.8521,USD/gal,MOCK,daily
2025-09-03,NG,1.2898,USD/MMBtu,MOCK,daily
2025-09-03,RBOB,2.5494,USD/gal,MOCK,daily
2025-09-03,WTI,76.2918,USD/bbl,MOCK,daily
2025-09-04,BRENT,86.5615,USD/bbl,MOCK,daily
2025-09-04,HO,2.7919,USD/gal,MOCK,daily
2025-09-04,JET,2.8733,USD/gal,MOCK,daily
2025-09-04,NG,1.4091,USD/MMBtu,MOCK,daily
2025-09-04,RBOB,2.525,USD/gal,MOCK,daily
2025-09-04,WTI,74.9774,USD/bbl,MOCK,daily
2025-09-05,BRENT,86.5536,USD/bbl,MOCK,daily
2025-09-05,HO,2.8489,USD/gal,MOCK,daily
2025-09-05,JET,2.8795,USD/gal,MOCK,daily
2025-09-05,NG,1.3076,USD/MMBtu,MOCK,daily
2025-09-05,RBOB,2.5071,USD/gal,MOCK,daily
2025-09-05,WTI,75.4389,USD/bbl,MOCK,daily
2025-09-08,BRENT,86.4436,USD/bbl,MOCK,daily
2025-09-08,HO,2.8919,USD/gal,MOCK,daily
2025-09-08,JET,2.8857,USD/gal,MOCK,daily
2025-09-08,NG,1.1221,USD/MMBtu,MOCK,daily
2025-09-08,RBOB,2.5171,USD/gal,MOCK,daily
2025-09-08,WTI,74.7103,USD/bbl,MOCK,daily
2025-09-09,BRENT,85.7852,USD/bbl,MOCK,daily
2025-09-09,HO,2.8749,USD/gal,MOCK,daily
2025-09-09,JET,2.8926,USD/gal,MOCK,daily
2025-09-09,NG,1.1325,USD/MMBtu,MOCK,daily
2025-09-09,RBOB,2.501,USD/gal,MOCK,daily
2025-09-09,WTI,73.5292,USD/bbl,MOCK,daily
2025-09-10,BRENT,86.2154,USD/bbl,MOCK,daily
2025-09-10,HO,2.8703,USD/gal,MOCK,daily
2025-09-10,JET,2.8791,USD/gal,MOCK,daily
2025-09-10,NG,1.226,USD/MMBtu,MOCK,daily
2025-09-10,RBOB,2.4954,USD/gal,MOCK,daily
2025-09-10,WTI,74.2441,USD/bbl,MOCK,daily
2025-09-11,BRENT,85.4921,USD/bbl,MOCK,daily
2025-09-11,HO,2.8398,USD/gal,MOCK,daily
2025-09-11,JET,2.8785,USD/gal,MOCK,daily
2025-09-11,NG,1.4063,USD/MMBtu,MOCK,daily
2025-09-11,RBOB,2.5234,USD/gal,MOCK,daily
2025-09-11,WTI,74.5108,USD/bbl,MOCK,daily
2025-09-12,BRENT,86.1339,USD/bbl,MOCK,daily
2025-09-12,HO,2.8285,USD/gal,MOCK,daily
2025-09-12,JET,2.8777,USD/gal,MOCK,daily
2025-09-12,NG,1.4585,USD/MMBtu,MOCK,daily
2025-09-12,RBOB,2.5183,USD/gal,MOCK,daily
2025-09-12,WTI,73.9648,USD/bbl,MOCK,daily
2025-09-15,BRENT,87.1537,USD/bbl,MOCK,daily
2025-09-15,HO,2.8372,USD/gal,MOCK,daily
2025-09-15,JET,2.8866,USD/gal,MOCK,daily
2025-09-15,NG,1.4219,USD/MMBtu,MOCK,daily
2025-09-15,RBOB,2.5351,USD/gal,MOCK,daily
2025-09-15,WTI,75.3804,USD/bbl,MOCK,daily
2025-09-16,BRENT,87.5272,USD/bbl,MOCK,daily
2025-09-16,HO,2.8654,USD/gal,MOCK,daily
2025-09-16,JET,2.9067,USD/gal,MOCK,daily
2025-09-16,NG,1.3331,USD/MMBtu,MOCK,daily
2025-09-16,RBOB,2.5184,USD/gal,MOCK,daily
2025-09-16,WTI,74.9994,USD/bbl,MOCK,daily
2025-09-17,BRENT,87.3133,USD/bbl,MOCK,daily
2025-09-17,HO,2.8511,USD/gal,MOCK,daily
2025-09-17,JET,2.8896,USD/gal,MOCK,daily
2025-09-17,NG,1.3348,USD/MMBtu,MOCK,daily
2025-09-17,RBOB,2.5163,USD/gal,MOCK,daily
2025-09-17,WTI,75.0674,USD/bbl,MOCK,daily
2025-09-18,BRENT,87.7656,USD/bbl,MOCK,daily
2025-09-18,HO,2.8384,USD/gal,MOCK,daily
2025-09-18,JET,2.8894,USD/gal,MOCK,daily
2025-09-18,NG,1.3054,USD/MMBtu,MOCK,daily
2025-09-18,RBOB,2.4993,USD/gal,MOCK,daily
2025-09-18,WTI,75.3604,USD/bbl,MOCK,daily
2025-09-19,BRENT,87.5316,USD/bbl,MOCK,daily
2025-09-19,HO,2.7929,USD/gal,MOCK,daily
2025-09-19,JET,2.9181,USD/gal,MOCK,daily
2025-09-19,NG,1.2044,USD/MMBtu,MOCK,daily
2025-09-19,RBOB,2.4945,USD/gal,MOCK,daily
2025-09-19,WTI,74.8094,USD/bbl,MOCK,daily
2025-09-22,BRENT,88.4174,USD/bbl,MOCK,daily
2025-09-22,HO,2.791,USD/gal,MOCK,daily
2025-09-22,JET,2.9068,USD/gal,MOCK,daily
2025-09-22,NG,1.4098,USD/MMBtu,MOCK,daily
2025-09-22,RBOB,2.5134,USD/gal,MOCK,daily
2025-09-22,WTI,75.2944,USD/bbl,MOCK,daily
2025-09-23,BRENT,86.8133,USD/bbl,MOCK,daily
2025-09-23,HO,2.7693,USD/gal,MOCK,daily
2025-09-23,JET,2.894,USD/gal,MOCK,daily
2025-09-23,NG,1.5889,USD/MMBtu,MOCK,daily
2025-09-23,RBOB,2.4808,USD/gal,MOCK,daily
2025-09-23,WTI,74.8253,USD/bbl,MOCK,daily
2025-09-24,BRENT,86.5547,USD/bbl,MOCK,daily
2025-09-24,HO,2.7593,USD/gal,MOCK,daily
2025-09-24,JET,2.8997,USD/gal,MOCK,daily
2025-09-24,NG,1.7031,USD/MMBtu,MOCK,daily
2025-09-24,RBOB,2.4915,USD/gal,MOCK,daily
2025-09-24,WTI,74.4716,USD/bbl,MOCK,daily
2025-09-25,BRENT,84.8062,USD/bbl,MOCK,daily
2025-09-25,HO,2.7416,USD/gal,MOCK,daily
2025-09-25,JET,2.9169,USD/gal,MOCK,daily
2025-09-25,NG,1.6117,USD/MMBtu,MOCK,daily
2025-09-25,RBOB,2.4982,USD/gal,MOCK,daily
2025-09-25,WTI,75.8034,USD/bbl,MOCK,daily
2025-09-26,BRENT,83.5031,USD/bbl,MOCK,daily
2025-09-26,HO,2.7412,USD/gal,MOCK,daily
2025-09-26,JET,2.9191,USD/gal,MOCK,daily
2025-09-26,NG,1.6979,USD/MMBtu,MOCK,daily
2025-09-26,RBOB,2.4884,USD/gal,MOCK,daily
2025-09-26,WTI,74.8527,USD/bbl,MOCK,daily
2025-09-29,BRENT,84.7723,USD/bbl,MOCK,daily
2025-09-29,HO,2.7042,USD/gal,MOCK,daily
2025-09-29,JET,2.9451,USD/gal,MOCK,daily
2025-09-29,NG,1.7625,USD/MMBtu,MOCK,daily
2025-09-29,RBOB,2.4614,USD/gal,MOCK,daily
2025-09-29,WTI,72.598,USD/bbl,MOCK,daily
2025-09-30,BRENT,85.6204,USD/bbl,MOCK,daily
2025-09-30,HO,2.6735,USD/gal,MOCK,daily
2025-09-30,JET,2.9626,USD/gal,MOCK,daily
2025-09-30,NG,1.8075,USD/MMBtu,MOCK,daily
2025-09-30,RBOB,2.4648,USD/gal,MOCK,daily
2025-09-30,WTI,74.1647,USD/bbl,MOCK,daily
2025-10-01,BRENT,85.0156,USD/bbl,MOCK,daily
2025-10-01,HO,2.722,USD/gal,MOCK,daily
2025-10-01,JET,2.9798,USD/gal,MOCK,daily
2025-10-01,NG,1.9332,USD/MMBtu,MOCK,daily
2025-10-01,RBOB,2.4562,USD/gal,MOCK,daily
2025-10-01,WTI,76.6236,USD/bbl,MOCK,daily
2025-10-02,BRENT,83.7059,USD/bbl,MOCK,daily
2025-10-02,HO,2.6953,USD/gal,MOCK,daily
2025-10-02,JET,2.9919,USD/gal,MOCK,daily
2025-10-02,NG,1.9975,USD/MMBtu,MOCK,daily
2025-10-02,RBOB,2.4628,USD/gal,MOCK,daily
2025-10-02,WTI,76.2769,USD/bbl,MOCK,daily
2025-10-03,BRENT,81.0797,USD/bbl,MOCK,daily
2025-10-03,HO,2.6728,USD/gal,MOCK,daily
2025-10-03,JET,3.0359,USD/gal,MOCK,daily
2025-10-03,NG,2.0723,USD/MMBtu,MOCK,daily
2025-10-03,RBOB,2.4652,USD/gal,MOCK,daily
2025-10-03,WTI,74.4751,USD/bbl,MOCK,daily
2025-10-06,BRENT,80.6311,USD/bbl,MOCK,daily
2025-10-06,HO,2.7148,USD/gal,MOCK,daily
2025-10-06,JET,3.0343,USD/gal,MOCK,daily
2025-10-06,NG,2.1368,USD/MMBtu,MOCK,daily
2025-10-06,RBOB,2.4992,USD/gal,MOCK,daily
2025-10-06,WTI,74.2174,USD/bbl,MOCK,daily
2025-10-07,BRENT,82.8498,USD/bbl,MOCK,daily
2025-10-07,HO,2.7803,USD/gal,MOCK,daily
2025-10-07,JET,3.0004,USD/gal,MOCK,daily
2025-10-07,NG,2.1717,USD/MMBtu,MOCK,daily
2025-10-07,RBOB,2.4965,USD/gal,MOCK,daily
2025-10-07,WTI,73.9826,USD/bbl,MOCK,daily
2025-10-08,BRENT,83.2826,USD/bbl,MOCK,daily
2025-10-08,HO,2.7562,USD/gal,MOCK,daily
2025-10-08,JET,3.0313,USD/gal,MOCK,daily
2025-10-08,NG,1.9942,USD/MMBtu,MOCK,daily
2025-10-08,RBOB,2.478,USD/gal,MOCK,daily
2025-10-08,WTI,73.8391,USD/bbl,MOCK,daily
2025-10-09,BRENT,82.8206,USD/bbl,MOCK,daily
2025-10-09,HO,2.7498,USD/gal,MOCK,daily
2025-10-09,JET,3.0252,USD/gal,MOCK,daily
2025-10-09,NG,2.0034,USD/MMBtu,MOCK,daily
2025-10-09,RBOB,2.4836,USD/gal,MOCK,daily
2025-10-09,WTI,72.8183,USD/bbl,MOCK,daily
2025-10-10,BRENT,83.2806,USD/bbl,MOCK,daily
2025-10-10,HO,2.7589,USD/gal,MOCK,daily
2025-10-10,JET,3.0293,USD/gal,MOCK,daily
2025-10-10,NG,1.9486,USD/MMBtu,MOCK,daily
2025-10-10,RBOB,2.4899,USD/gal,MOCK,daily
2025-10-10,WTI,73.4053,USD/bbl,MOCK,daily
2025-10-13,BRENT,81.9174,USD/bbl,MOCK,daily
2025-10-13,HO,2.7986,USD/gal,MOCK,daily
2025-10-13,JET,3.055,USD/gal,MOCK,daily
2025-10-13,NG,1.8214,USD/MMBtu,MOCK,daily
2025-10-13,RBOB,2.5191,USD/gal,MOCK,daily
2025-10-13,WTI,73.9403,USD/bbl,MOCK,daily
2025-10-14,BRENT,81.6907,USD/bbl,MOCK,daily
2025-10-14,HO,2.7786,USD/gal,MOCK,daily
2025-10-14,JET,3.0283,USD/gal,MOCK,daily
2025-10-14,NG,1.9903,USD/MMBtu,MOCK,daily
2025-10-14,RBOB,2.5378,USD/gal,MOCK,daily
2025-10-14,WTI,72.5576,USD/bbl,MOCK,daily
2025-10-15,BRENT,81.8211,USD/bbl,MOCK,daily
2025-10-15,HO,2.7749,USD/gal,MOCK,daily
2025-10-15,JET,3.0079,USD/gal,MOCK,daily
2025-10-15,NG,2.164,USD/MMBtu,MOCK,daily
2025-10-15,RBOB,2.547,USD/gal,MOCK,daily
2025-10-15,WTI,73.2581,USD/bbl,MOCK,daily
2025-10-16,BRENT,81.7845,USD/bbl,MOCK,daily
2025-10-16,HO,2.7936,USD/gal,MOCK,daily
2025-10-16,JET,2.9811,USD/gal,MOCK,daily
2025-10-16,NG,2.3008,USD/MMBtu,MOCK,daily
2025-10-16,RBOB,2.5783,USD/gal,MOCK,daily
2025-10-16,WTI,75.2448,USD/bbl,MOCK,daily
2025-10-17,BRENT,82.5371,USD/bbl,MOCK,daily
2025-10-17,HO,2.8049,USD/gal,MOCK,daily
2025-10-17,JET,2.9689,USD/gal,MOCK,daily
2025-10-17,NG,2.3272,USD/MMBtu,MOCK,daily
2025-10-17,RBOB,2.5566,USD/gal,MOCK,daily
2025-10-17,WTI,75.4458,USD/bbl,MOCK,daily
2025-10-20,BRENT,82.8886,USD/bbl,MOCK,daily
2025-10-20,HO,2.7983,USD/gal,MOCK,daily
2025-10-20,JET,2.9789,USD/gal,MOCK,daily
2025-10-20,NG,2.4632,USD/MMBtu,MOCK,daily
2025-10-20,RBOB,2.5458,USD/gal,MOCK,daily
2025-10-20,WTI,75.163,USD/bbl,MOCK,daily
